x,y
0.6280524137170516,-1.8926121843289518
2.9931058844158507,-2.3078883898073252
2.9128555564534295,-1.534736866824693
3.2998763586570727,-2.242856471643422
4.139070504516212,-2.5695953248297263
2.257306119427328,-4.562158399161401
2.024045266355464,-3.7022080508938258
2.826360417232167,-0.9425930720320088
2.0063782891964372,-3.281877127831914
2.280116592677646,-2.414755148795801
2.535225752672318,-3.8825340650796
1.5443195047554394,-2.5033922625010905
1.6634316830132145,-2.560384777924841
0.7749089673237319,-4.115230722014627
1.750037125924727,-3.409041815722809
2.2277480615728136,-5.196983712244545
1.8405880920075806,-4.032461372865559
4.386625346245339,-2.810797423167645
1.3165257345895367,-3.5740145712592515
1.6522116096125623,-3.653574394642156
3.6459076608345473,-3.47162758428271
3.021350540642645,-2.509742539985563
1.5386793389825224,-3.7904530906539113
1.0524671410242283,-3.978382239552532
3.3283530408746684,-2.5838849059425795
1.3355040204707627,-3.8090271588772544
3.621959262525318,-1.6250509133329227
1.5484827470965643,-4.23206114137869
1.4034935628004954,-3.2174929338146603
2.088175624703986,-3.2853963134017676
2.8548818979577453,-1.0561812631857617
1.101034904292062,-4.212195964882166
1.9183950033966926,-2.308203753078803
2.770531238841909,-2.347145072671463
2.381758242962554,-1.4145930143348318
1.4321353488276007,-5.645117347351939
2.0870782175265576,-3.0405817231351526
2.5551814958620134,-0.9540071282684681
1.8820013153860602,-3.4574882906067916
0.7912469208383213,-5.217402747666267
1.1934491465897912,-3.184189977067921
2.6160878763776725,-1.8019779768242434
2.026061078000986,-3.578300007793895
2.1224299854269155,-3.800999561719247
-0.12050913054848333,-5.277784280614765
3.8587095605121347,-1.8377317490694294
1.63388872751126,-3.2422503949291093
2.8870625755775685,0.14223744465548283
2.420429233175259,-1.4613288152898658
2.504173288905686,-3.267710901239245
2.9333579606299853,-1.7140339987217343
4.372516398771362,-1.3308329106372385
1.209788813303692,-3.5080460859746267
0.16535377131655604,-5.179678392244293
1.4534261570155338,-0.5793651964945705
1.6106934872990082,-1.9646678557315411
2.6785486893346304,-2.3213080996162474
2.7021551985251477,-1.6792621501561575
1.5401681973106967,-4.603484778964117
1.78934551289123,-2.9628287218068543
0.6644897984446205,-4.487276127053811
2.6620824412371697,-2.2971667966554685
2.518827426981164,-5.000214767650767
2.472951207535882,-1.4409363900468577
-1.3429434436859728,-7.205603457154959
2.0859703885875134,-3.796311165116604
2.0853060454354,-3.595959813874533
0.8942036821650063,-3.771475166158302
2.3265842444223583,-2.2741613591772216
1.163920844531133,-1.8015176511004576
2.779512183017785,-1.9304198869278673
1.1393341314378558,-2.547346746151389
0.9625226036885257,-3.272898398315089
4.320663542207463,-2.654659330433825
3.2153311888249174,-0.7424696602067513
2.0536119590220285,-3.7689885638947462
0.5591603801145479,-4.885167896830487
2.9228546130545254,-2.4359777524959814
2.0605754822273794,-3.185539280104333
3.539116247038166,-2.5941030555610998
2.263154712578242,-3.5252479761378934
1.138262040713188,-3.2248974812226754
2.034082560958852,-1.9386623553500806
3.163360883214055,-2.2763312102563695
1.5739191510497048,-2.837814054791209
2.603380620933267,-3.0778103493479723
1.6399745482069872,-3.749067563867907
1.7454989669475487,-2.7016561762751374
3.3119811984339926,-1.1655639774851685
3.803896289948016,-2.613111905919733
1.988006772567532,-3.16223559891124
0.4605669464586304,-4.256517652218661
2.5832557107691745,-0.7985834928930879
-0.16227773147182667,-4.700005490061397
2.2458147216147344,-3.3960310657244666
3.527749986590882,-2.998795379118181
1.5209226461817364,-2.828244777559273
1.7317027100215099,-2.5720438517849447
2.007582280938178,-2.4230713621712754
1.514134388125095,-4.135013366020083
1.2759433217961142,-4.840935021810804
2.480616090656403,-3.1416024279016876
2.1147122533901315,-3.8536123327198823
2.906142937627651,-0.1766187485221935
3.6457955708856544,-2.689595213308653
2.5239942405298894,-3.836321613589587
0.3222388888461587,-2.247579106551811
1.654736144829306,-2.7631189314106437
2.2554661920448975,-2.2477556414631206
1.3161723141716446,-4.441813583529967
3.3476493873048057,-3.028915458508876
0.14843108482711997,-4.9527672974463535
1.9934561920985006,-3.036203630213333
3.6608887338379548,-1.5693110644467136
2.7266472805364543,-2.5815531906621247
1.4210275362714433,-2.2611205312492
1.0402559011527415,-3.3719375129838727
1.6508431293406662,-4.511679996341263
1.3636054005450018,-2.528109765270741
2.080789713640811,-1.0586446667022877
2.7205040953447948,-4.087176851150738
-0.8247730963348818,-7.072404355975186
1.8351459221994089,-2.9073431071780624
1.839731094595759,-2.7773622432668064
2.732043708427061,-1.5645258409844598
3.6163113888184046,-1.3267430139409806
-0.02718462098290164,-3.6028776103371856
2.2378550241796815,-2.2846814949234004
1.7040948707262447,-4.046777849946725
3.571420690573805,-1.752616361988864
1.6454383539231154,-2.4532671882281023
2.152924647016208,-1.9304551313874156
1.5338913702659884,-2.199442285341223
3.464402164790269,-2.552025420594686
0.7210333018829433,-4.55627266885551
2.49003741791907,-2.6646415592332633
2.6865029026192495,-2.0646714338680736
1.5750540127821135,-4.447718550197624
1.0339780408402608,-3.6143465174949463
0.7037913187787652,-2.4590513331878614
1.500228834880569,-4.13428972724967
2.8073052900287108,-1.0762983183473018
3.326344340737493,-3.827642145209844
1.798085788883041,-2.9824757022625614
2.733232306941356,-1.275233945405605
1.8106240036796508,-2.0641168200331856
2.8064701348408985,-2.9743954318338637
2.2880332825094065,0.13125125232857826
2.3175231907991263,-0.6315123274482923
3.516733891879769,-3.288313202432964
2.9818343299881027,-2.496176096078246
1.8349540151839085,-4.308272870053717
2.3449154264726815,-3.061416813194804
1.8272285096783727,-2.10313151136325
4.089607251470557,-1.7415180740090688
2.020397235308826,-3.0705363801338814
3.5222718482924797,-0.8879712753156905
1.9171489720976085,-3.837015268789682
1.2108528328272778,-4.653618321261323
2.626112482627886,-1.9087359072145518
2.9119590854857815,-2.9477575389187964
3.621417303294205,-0.8382800860555615
3.59014896740328,-1.0318260608613838
2.085724276530668,-4.545811167775282
-0.9658206259235507,-5.0024995328414805
1.0562304187964848,-3.800006892508593
2.1327077655910696,-1.5698974679640205
3.0299622665515917,-1.8423717152510921
2.1840164844923753,-3.78734931044478
1.152680885259609,-3.861726128181431
2.508771197552444,-4.891744652041997
2.9092522496514963,-2.5669412466673087
2.221591164615763,-3.0556796261697934
-0.27731049675892194,-5.74171723105842
1.4838796547070245,-4.278611641452757
0.3016997545825508,-2.1398755707725687
3.345637009580898,-0.5061257708425702
2.335792269961615,-1.4669629196572571
2.901703682741726,-0.5902705360326941
0.7742478537826647,-3.3101296050865283
2.748922296133439,-0.8421887569355246
1.8981832015604398,-4.246854626505358
1.1108918435363542,-4.204285533889007
1.4593736949780922,-1.2869228807210624
1.9540598685620703,-4.167923401772447
3.603010149481964,-1.552985354824155
1.9679916068221646,-4.613602654045638
2.327899919100412,-1.1755877361876244
2.800475237613707,-1.5630866566475736
2.5492349264366503,-2.1272845990599043
1.565535783853862,-2.972895867814041
1.5661418447019693,-5.501429067830655
3.008095518036459,-3.5461451340548518
2.2702723814776355,-3.5234201006041763
3.2760621605441402,-2.087979481627891
1.2421870724936008,-3.8087806981376198
2.078055619860661,-3.0071056546403403
2.8547546982690952,-4.032323586051238
0.37323548610998536,-4.355397955707003
2.025240270679507,-2.662008957614003
2.292648883912157,-3.2439739310740308
1.7896797713729617,-4.506041081353606
1.9624159637635574,-3.3413635784141396
3.1818905045982895,-2.8441055087265377
0.8677590348071529,-4.22340378950757
-0.22400441051995035,-4.9244669747703345
3.3607146480085768,-1.338442318169451
0.6489831454200714,-4.915542033701527
1.8374571679476894,-1.9479663793639412
2.3936966240092428,-3.2461728504712664
1.247667684312391,-4.14759960453863
2.1139661284753277,-1.077896418594038
1.0083576900239652,-5.166941632789804
1.8885470230139545,-3.746376301864788
0.7781395816425638,-3.239568631889362
3.0934927056205446,-3.9187769810709097
0.3708636865708441,-3.3274411062647835
3.0560740953953527,-4.283013841867456
1.9353216251338528,-1.2521745954446977
0.8441313909606323,-3.704626013737977
3.5888744907031174,-2.698056110757393
2.385388197520823,-1.0338931007382792
1.8597970091880696,-3.1136141035918334
1.5500433918757928,-3.0575086323136182
3.245933166294069,-2.537841343736397
3.611737608545924,-2.5321760317057747
0.5261310644677084,-4.243463210394799
-0.020439978036176587,-4.894565523647085
1.6369817697408382,-1.5820474810199223
2.6328264906348,-2.1673960417273026
3.708686600893637,-2.976010555467443
1.8591078749414884,-3.1321926984087063
1.3382027049807788,-3.6217124103929312
1.1441498650411772,-2.444543227177319
2.1941719034582414,-3.0873385422362656
2.8274919187250216,-3.0562821863635943
4.48183310905016,-1.811148126310567
2.5538830418379392,-1.7018202460003677
2.9642708861577876,-1.6402951434906032
1.854439445574929,-3.8032704023364983
2.0901265184724465,-2.9984271012795767
0.7194850687474594,-6.166876938662153
1.2907095373919693,-3.6255304856828925
2.4281392149357646,-0.9587472696184505
0.9770917472457854,-4.574624090604897
2.0455964521178216,-1.0304324349370657
1.964734610389756,-4.349676542978513
0.5265987081366712,-4.79711284753097
0.7980096539078754,-4.547356759250819
0.2838602724022057,-6.335060352561201
0.6526521807430987,-2.611562674737742
0.721884861045591,-3.788972296786349
3.12329178080345,-2.447689040111939
2.934356523746296,-1.0826245192481514
2.4311981169138748,-3.594771142485885
2.114440507888427,-4.7733618033114595
2.5540848318695577,-4.100204624993971
2.4150401364834977,-1.7086464395132401
0.3810061778805749,-4.51898149083471
1.6207427449264267,-6.158258358530862
2.7190336597797726,-1.1401728611853443
1.5710112118151671,-4.585710031906723
0.4192129393031325,-4.193173085052802
1.4757506167415437,-2.8517511151168224
1.174526465406366,-4.923454523921766
1.9235619603999967,-3.447315969351993
3.6914776736542656,-0.6249710621618045
2.713242334202664,-1.8246060074183144
1.535963561673072,-3.9299376990178443
3.4584376832649637,-4.702909241385728
2.3469066707998363,-3.754002473105654
0.07476988441306953,-3.7481664524334457
1.309906428572294,-4.5693771946819055
-0.36693753151370245,-4.4249903205819425
3.1217989718137042,-3.6555297947817533
2.7068202065919613,-4.222737526618825
2.2062644017750275,-2.4028561507805994
1.5280009111362476,-1.184303935531422
1.9186530002138147,-3.6200748405347074
4.815724127165141,1.490922124192398
2.5199381504391773,-2.396762559353588
3.0983221876651466,-1.7869386607462114
2.072810696891112,-3.0524783794720376
2.970379541497988,-2.945526573711776
1.8648604871819803,-1.8862208046321938
1.2665824103536607,-2.1443451353722036
0.9920054777012057,-4.053444734409111
1.5711574039191207,-2.8549726335197234
1.7601190780819382,-4.33555811483406
2.1608840656435424,-3.9746885591597825
2.888899660785923,-2.3660654262726
0.9704241561850215,-4.018887477500485
1.5566878893964642,-3.99566684782135
1.4595175253712953,-3.9466253644186757
2.835369005608416,-2.437473078712877
1.2743868930558682,-2.4126615815879013
1.5022045329192357,-3.4801121934321406
2.5501538249982345,-1.9976603205647927
3.0466426844516796,-2.2295240746273586
2.1660912047565675,-2.242562099956057
3.3662549582779286,-1.5514803588881971
2.651461602913186,-3.930513796185566
3.5214638320049994,-1.5965380184843276
1.541833862544224,-3.5594765126877674
0.5128639102810792,-3.1525163505943885
2.017063508613689,-3.6088087459806597
2.6485372138856214,-2.4286136888989844
1.5340163249969665,-4.33317770780978
3.4624635495886853,-0.41744820602952926
1.2191363338684211,-4.454085157342351
1.556876547706087,-4.672749077409553
1.5332203220286256,-3.420903646151491
0.7646165490466534,-3.9771902056196944
0.9982984811578421,-3.766384422622219
2.0629878345890496,-3.4773083897157164
1.8488477186555035,-4.02500364253505
2.09630526120468,-1.1798710218354511
2.2721176908406413,-1.792302734844224
3.025736803189245,-1.6601944538516733
1.6670799819616156,-3.0700923070551274
2.501270933180126,-1.7422836077814337
0.24083590819900946,-3.9898534020343446
2.4092749151685253,-2.5160034849309363
1.8996376021617016,-1.2013876298274373
1.6797600507202046,-2.7085526932509545
1.3574745318750345,-2.9448154466774503
1.483702917550584,-2.8408070543312607
1.6906770278807333,-3.6507043211559114
2.865520792087997,0.16699393888061032
2.4163659684471135,-4.218726055240758
1.0167498697221569,-4.31197284692821
1.0953352721064227,-6.029821680767555
1.3080529740289366,-4.299993714144745
1.2305620449387737,-2.494589362026028
2.5545437819993926,-1.7221224585965778
1.4149565046983608,-4.116904706850293
2.1882377191720748,-2.733501499150077
2.771258566291429,-1.8880785261967767
2.991822867406996,-3.1532798223602594
2.2783898144060313,-4.271404603562498
1.6415990728054184,-4.120275928827464
4.062526481098509,-2.741629101727412
2.84642821390891,-1.9237196908074221
1.2637954891338177,-2.8441999167251635
0.724929496982875,-4.136723708986844
0.9522425824213923,-4.495394414434595
3.91581364637935,-2.307855534323174
1.3440126669000239,-4.356177840583564
3.0830096439843198,-2.2852490099604696
1.7340580973460396,-4.3175533864209195
2.407193238414923,-3.0009471944774853
1.1629338536196143,-3.8634120690405576
2.1517879478311768,-4.15534968414237
1.3273575219884872,-3.0748385627725385
1.9157415408343956,-1.7903952380090953
1.2286799066563985,-2.01075735687155
0.8239119676355646,-3.730270922319213
2.0652274547139156,-3.3677782340548643
1.9254788408946137,-3.2590968742250808
1.7950465876453543,-2.9071218976714905
0.3063518100120892,-3.489914884860893
1.2190473923397511,-3.6427674877589045
3.2648914286095834,-4.0031609854908305
0.8573328645392695,-3.9485568169753344
1.2377043641924919,-4.400952870105204
0.9389845421014749,-3.857509030766601
4.113839307615907,-1.0007066692926352
0.8500231053032876,-6.220911371702082
2.94728525303623,-3.6051003922065226
3.153494941160502,-3.0215063496020154
1.9602548468394954,-2.6937987431475157
2.556328308292091,-1.4576152133119873
2.181361440761454,-4.7759720316979895
4.4492814625419435,-1.2942517513262017
3.454231174121044,-1.6224397581647012
0.5841512042625556,-3.5157042528443823
2.8205332475941587,-3.2884664467879
1.6728335449505651,-4.8284201466786225
2.415530462765509,-1.4203920094929774
3.1181729682624564,-3.706289108900383
0.7028678985140351,-3.993388584367618
0.4842170151101173,-4.81545012531287
2.187270387189884,-3.7291332455356017
1.482578440748076,-3.163762977810544
1.7640289784145333,-3.7159840347215196
3.433260695177756,0.11839223786897524
1.7206107121424492,-3.6501754347003876
2.4037797892359802,-2.6224870605981834
2.6477066833009903,-4.611143241956972
4.5575793700255725,-2.8394985294578117
1.72264188837099,-3.5388258978649447
1.984261782203807,-3.219309507729607
3.6547779629854893,-2.3209477932531644
2.0662768639655615,-2.6779322600343916
0.5331392402772255,-4.006041574923735
1.5062183337577155,-2.5853368662624643
0.11134035050495594,-3.9113768325871483
2.7928502277987945,-1.4507899230106767
1.4995400660599942,-3.935566310899077
1.0868499052280316,-4.364725006173129
1.3251765210785258,-3.978641691427801
1.2814509934787768,-3.4392577398353845
3.2915703372455223,-0.6545051234282004
1.622017234264709,-4.843319310823155
2.4402029751393526,-4.5205181877816365
1.2215505474452177,-3.3718335014698986
2.066439188955102,-2.1715366781915666
1.131429050185877,-3.622447022535822
2.4988378244336644,-1.691649066574585
3.836629088076611,-0.4159598868295995
2.320849989832219,-2.3221637824991084
0.20974906103247504,-2.6139588396527227
1.8020482683613372,-2.8587863244398335
2.324108890391818,-1.778429127577152
2.5800525805173367,-2.4335958615045206
1.2623256281208879,-3.156700233521153
2.343033439038424,-3.523169324863113
2.3709200654753144,-2.397356613735882
2.3998417706967703,-2.7136096182963865
2.263079189845593,-4.639791327824035
0.9748572972777005,-4.682515768296674
2.8015765662761973,-1.453111540971796
3.0348382498985846,-2.788181808501269
2.5164552187873515,-2.257080197152874
0.889007770449473,-4.078275457401716
1.9901758624572201,-5.751833916316157
3.0134644066730356,-2.957197718315588
1.0541092153571934,-3.7984412963737633
4.445505882574404,-2.872421008314144
2.679295425905788,-3.3506743707336106
2.0631409774388643,-1.312900647375736
-0.21578202783569544,-4.124908178906487
0.5994206115837755,-3.087032498266713
3.0983969299262046,-1.461780846934122
1.1538845065538412,-2.1552500850894964
0.7381985017898136,-2.6313480059497736
0.6456664842655031,-5.211477743957854
2.3899251646139725,-3.1157126385318477
3.904312425406783,-1.5162405062308508
1.7086794117638093,-2.525506292408575
1.2172648587621815,-3.864857190830199
4.144752336150689,-1.7367131079554223
1.261358729147196,-5.121640215541642
2.4553209096680684,-3.8134694712957025
0.8790811932334859,-4.34485745838598
2.4725225630884466,-2.175631181450419
1.3614539211650414,-3.458839395942675
3.1049583014938116,-2.9930779974046753
3.8727105847451737,-0.6100431590966022
3.729092466210542,-1.4170731117175592
4.3708442829242795,-0.3618771591349783
2.1102990338332335,-2.095443908150216
-1.0447204100500675,-5.137405556567725
2.9727528022564114,-4.8723267660208505
1.8784665859972844,-4.823738531015602
0.06420417891323771,-4.553442836939302
1.7216584569593687,-4.875531064279052
0.6730309015759621,-3.322422968697399
4.268545940085235,-3.3164758709184055
3.0565780237915856,-1.6521480522249783
3.7745739794257678,-1.9455648754912271
2.0612107740316263,-2.907308047107836
3.412109360258606,-1.0850009297983898
1.5585143448727603,-3.1192649935747307
1.1805385472177894,-4.97093800901416
2.045672654310215,-2.731399526163492
1.2393901766724909,-4.818639255665849
2.297341499830084,-3.652476062563778
1.3384754707306503,-4.3944055218033355
1.6457956572753776,-3.7072141600483914
2.189013236843849,-3.9359005545863632
1.7738386762802847,-2.398068959548146
1.1604272281303682,-2.6353937200635555
1.9227483642300252,-0.8017885711061306
2.547290706772579,-3.0225739559030402
3.825397138081276,-0.13117870293507083
3.6341222668785154,-0.5198611856283173
3.102555764223565,-0.874333172121657
1.2853198126171552,-2.96136343969184
0.7648417462267132,-3.746065515567957
1.3888704232418172,-3.858151365784136
1.7794969910060239,-5.026548721150997
0.7869007400462622,-5.108717020306364
2.846853687643619,-2.5804435422445393
0.04103770272760743,-3.267205873278166
3.354868907630814,-3.3288278610877327
1.2320425796397414,-2.4966086045973714
-0.6048169836686665,-5.755996654708629
1.5561497320624595,-3.145358905127526
2.6850309769978606,-3.2135393684776403
2.266842161853442,-2.311539594158711
2.460258104209564,-1.0603910391610567
3.597207471901032,-1.3712184780377714
2.093902375828303,-3.2339131960492105
3.3530233691767877,-0.7286668106629319
1.376237690993916,-2.6421207603419044
2.1654012865634717,-3.4032760495245915
0.3665410593075946,-5.310025208027206
1.5560459718573003,-2.0158743456538604
1.9887347913720423,-4.151823692424197
3.165337117428309,-1.538431587258795
1.7940087661074338,-3.0100665852116495
1.7802581985172328,-3.6287737819607315
1.6375889559846297,-4.460210219799761
2.0080519235182193,-3.964805688212305
3.0810766239840843,-2.790358048779703
0.6689572460450661,-4.756487494707142
1.4526088672657194,-3.3732909109195117
1.2141887440009893,-3.3728073233568785
4.160973835930765,-1.5471351526859471
1.8314490936357646,-1.5100104770051095
-0.3739024077059554,-3.2334456995635135
1.9513485578181105,-2.3041656319033734
0.5832682276858936,-4.327348090430158
2.557736712744661,-2.82055596206019
2.260988760935677,-3.288906275819964
1.6774276434945754,-4.246662250134035
2.015809482309675,-3.4306329101178994
2.2150851489141896,-1.887846733599585
1.8594876505964455,-3.936185668077914
2.9077125292320973,-1.6911980382359717
1.7718958922616106,-2.699130632378618
0.729489652651693,-3.6404347196598232
1.2499421019936632,-4.222241298891314
1.5922644280505218,-2.8460495489505466
1.6735233656773738,-4.034819256090049
4.207361562314688,-1.4128319859498553
0.9681628666194035,-4.849585235261586
2.4057428776654355,-2.696571577474851
1.0480249868631821,-4.500169617800276
2.91044885364349,-3.9600144008004485
2.2064628271016034,-3.0801901793173996
3.6259572619565565,-0.7631326804657985
2.2565017853696023,-1.2783944958092028
2.230455140561017,-2.124675301492231
2.5160582633606046,-3.0253565871617525
2.443865438793511,-2.6619417221444923
1.4919989045087427,-3.5634608634345812
0.6091584233795868,-3.9978971860369836
2.049836638731638,-2.746716306521436
2.9103573534259235,-0.20179099902113284
-0.018004470038551545,-4.718636089983914
1.8480576212762037,-1.9674410336242258
2.988651595849255,-2.1295692593644437
0.9506242168734746,-2.1766494798880753
3.6546336806694057,-1.455996746451503
2.0321518151913174,-3.13380340204555
2.2344444484680688,-3.7352826462814703
2.5937206391073593,-3.073852134052675
3.6701859097706544,-4.180210777237545
2.406593711512624,-1.6840981206294856
1.7117003227610028,-3.1825858734743657
2.4343939039715754,-3.8495878995432045
0.4917447388425391,-2.021092602032902
1.5819419020067693,-4.100216475649599
0.9852955742674405,-4.5135849250416005
3.37519750410031,-2.9419993374403317
3.2565124479270233,-4.179016362755274
2.2819514351856576,-0.5402515198666435
3.5254929212860295,-1.3473077209851403
3.436299983469066,-0.9707260217416245
2.1338072345325907,-3.495882788453202
2.56231933770145,-1.9680366815834542
-0.03610268222593227,-3.9023822115622706
1.9631248538256876,-2.689928104490944
-0.5735509769811138,-5.802185971447971
1.112841640085056,-4.037881793930753
1.4708864027356792,-4.788659079242795
2.378539659267748,-3.485278894100087
1.6361423068037768,-2.9523677361068397
2.3323675225406912,-3.0160631220216154
2.1839461896213312,-1.1892980620659606
2.4378119312822077,-2.132034776366765
1.7621985923012513,-3.2904243476994486
0.10937433295175003,-3.785741992318911
1.4961911971489354,-3.3393103550607734
0.945240084160043,-3.3666568029674284
2.6829624588342336,-1.2446600324641595
4.09251255867234,-1.8097719044835174
3.2709683926907376,-3.2201800153161835
3.9120384995541837,-3.5570889765873925
2.200904850734702,-3.2695026408780894
3.1164615003911953,-2.0509815392306847
2.881658298503188,-0.7058062180264906
3.367538949166228,-2.612043846571352
1.9357927304804514,-4.303148286468183
1.9265522169069302,-2.344422464190634
2.1445137981999025,-2.2249744987407727
-0.060107275191358056,-4.886547460505522
0.38058388696193557,-3.348551339407733
1.090877936182486,-4.597821301527535
1.5048293865684679,-5.324753818695242
3.0045085820952417,-1.6488076051681675
1.8244362167654247,-1.3303622511761426
1.0855526786116152,-1.9522043871367223
2.2730739982891985,-1.6715741506945982
2.811276123611476,-1.6975917403471483
2.3076023077250722,-2.169264240236625
1.2322510715972932,-2.651865666957347
3.1590432159247577,-2.5407309359339196
2.9184238418925714,-2.8063569486780895
1.9670308180267382,-3.3477191748955994
2.1014546714692863,-3.649234052201454
2.1387505606468875,-3.3846392261332268
2.3699999182416462,-1.0132193342978149
1.553587592932601,-1.579625830379915
2.0707321429904684,-1.9079302498964847
1.0640561502713084,-2.667690003629856
2.264468909775978,-2.6653711071701762
1.0143800843369744,-5.406899339378027
3.1845644014476497,-2.425858999255032
0.9351572640070329,-4.132781911751378
0.2252412473633998,-3.3515640680340177
2.439692680516006,-2.720124064937234
3.0746001699748478,-2.218464383633105
2.3735093351613425,-4.64708454574454
2.680466613594759,-2.3737359856046534
2.2805872289932108,-2.8523413412557708
2.0278318327411524,-2.3410255196244885
0.35010580199330654,-4.426214438184193
4.518714870946042,-1.0025339322854223
0.6425388798148455,-4.573382094852107
1.116474384233785,-1.9239930227243036
1.0224009733525576,-6.30753902064261
1.2147388725430215,-3.5800587277772555
1.6113548864091738,-2.470529276918031
1.7277190809329739,-2.92286677209373
1.8438020825891193,-4.320079794623499
0.6475993195385823,-2.818269075387229
3.2762246291998727,-3.633891775203939
2.3976037826544125,-2.0196184266146604
1.605400015156037,-3.444181251102841
2.192032093566619,-3.5793906022768134
2.1365315270331107,-4.27552476300332
1.833410854689839,-1.4952766534050217
2.071323478480259,-3.5194951523758067
1.8603565212346957,-2.560707347549182
1.2977315659136355,-1.4865686406911738
0.890765212204407,-2.7883755464995534
0.9110865669681956,-2.160227739646934
3.2274334106131546,-3.516758773362148
0.024265163026288228,-3.2680123353194763
1.7133942529916006,-2.0571323366857928
1.3470174192795503,-2.195301160438043
2.030254838317772,-1.6546675644931832
1.171290715907713,-3.418605320489183
-0.38005338395024335,-5.850983038873117
0.6317412556947934,-6.038530731301404
0.6870116819682701,-4.26719456496107
2.013270028806543,-1.834773618236866
2.6677304365308583,-2.104678303011254
3.41855441989508,-0.8871335036676826
2.3113209580486975,-3.9127970905474734
2.1595607717583816,-3.6467984595185547
2.650389696887003,-4.056458949526013
3.492357642735791,-2.058259470269121
-0.2939878136049856,-4.883534563294705
1.1595262565075592,-2.0618380223902575
1.9261042865431623,-2.6873541379519033
2.3991577522225533,-2.382821827322542
2.119658900911376,-1.9196373227529366
1.743181113982215,-4.253145685871592
2.986114027259246,-2.298468719582459
2.9803271889966627,-4.296679451126307
2.689390182528863,-1.2533105016341277
3.17921790338886,-2.6617433916887348
1.181260901598066,-3.866941017561193
0.6141115291140822,-3.0245971990978413
0.8621884573271914,-3.779943110180349
0.02711027507700403,-5.844539011522597
0.7472456517704797,-4.1446930291864374
2.440113682747718,-3.2560288914355335
1.5133677251868876,-3.926428629591606
3.760109733495728,-3.707899579313022
1.1544047289770218,-4.483279502594559
3.3691983563829018,0.02623253206722742
1.200538462056695,-1.51993957590456
2.546844941391976,-3.6634899749220704
0.9234779938555913,-3.731245490983684
3.4760396499953155,-1.7112763026480953
4.143214069778513,0.12168060117836266
2.309692352422963,-3.6749793474031645
2.2364538146225685,-4.350357267630577
2.839294043781159,-4.303045008147727
2.7449971540619518,-1.844567853824262
1.0720070346683117,-5.415377428542926
2.9733706771103057,-4.9581436452032595
2.161927800198451,-1.5290392166797535
1.1239082561007685,-3.647078126725129
0.7368526189134426,-2.325371240674049
1.2247888934924316,-3.420801736405874
1.5348373267830793,-1.376981212137796
0.5068430656420793,-2.5287777696585603
0.24124649462426095,-2.559837762519196
-0.07625174151259762,-3.2847338968038367
2.167796641921493,-3.0049817701536443
2.831828378947906,-4.873262486546164
-0.48312101027856924,-4.941851092343725
1.4427130722554122,-2.33887785554388
2.7641666710200967,-3.6421063114096515
3.7370077639676635,-0.22109390447616128
1.7746048490803188,-2.0572812912080836
1.4840189521404965,-3.8890388478092635
1.4774659727228225,-4.38289355385453
1.4801206876620707,-4.450594952283546
1.7317818026806218,-2.4234966529507744
2.3914683980227287,-1.6567696455783942
2.76115055196385,-3.276101295341665
1.2875995125340949,-3.90719026723732
2.016879670744692,-2.037144020464524
4.428627162302611,-2.1743393239269033
4.619507381245295,-1.3867494110566692
3.175068617489261,-1.4465792410497678
0.7713234555083495,-3.707515025041461
0.9018543170053597,-4.511028196722055
1.428113325186953,-3.733770469498218
3.576584248045931,-2.1185277009616588
2.5646182787042457,-4.399019333215094
2.592770259744351,-3.1091947563722355
3.3033047203951567,-2.078331953256822
1.9014653007162812,-1.8372944717130573
2.2544234714412847,-4.6734201520131355
2.1951101575248804,-2.569043778567452
0.3109367942417647,-5.719234464272212
3.1104513821307083,-1.853653033544491
1.014756333124259,-4.550873459678144
0.8618832703505992,-2.649479098841567
1.0472352427504412,-3.5411520390373514
1.553502015520659,-4.937369590975133
2.8642966228965134,-1.056009671576562
2.9237927032579663,-2.218049383831122
0.5722010256348895,-2.472916273588557
3.132905068071292,-1.6573330435022178
2.3941765932787087,-2.638265967412543
2.6300526396271957,-3.1358679551795197
4.228980065767736,-0.39323522585864623
1.2531880588385729,-4.3565024947704964
1.415586919495686,-3.532752702497572
0.7002989125303329,-4.116755494869955
1.6413114177831054,-2.6978156246408145
3.5788272872233913,-2.561562456150939
3.5256046423404257,-1.8905054595619888
2.5493676706281727,-2.255014198168758
4.061695121073191,-0.034533839231490226
0.8536115371976545,-3.130423758003789
2.950126525556202,-1.4216653030706856
2.0530325741260924,-3.601082209556137
1.5935613214008542,-2.8110751568173673
0.31013151838629005,-2.153489897498723
1.750197276280207,-3.1316014345092444
0.8097901373152996,-3.7786881927423996
2.143982764786261,-3.7400297953367216
1.7568517199725473,-2.7936663523130543
0.8526872951228677,-3.19336189130808
1.6277632898343073,-4.820216808389248
-0.9609428166638079,-5.47923950386604
1.3036817734773702,-4.49235212251756
2.40078557100921,-2.5625894402720037
0.2857485558620283,-2.561736306926514
1.0048916685585851,-2.965919859522617
1.6525285827704423,-2.7241539399818557
2.4428734817472844,-3.587002588580018
2.7248614484464477,-2.7203986040247643
2.339082380722002,-3.7531531639166005
1.9532417278173555,-2.5049526163519453
3.183027235140078,-1.3639044035166197
1.8340383473126172,-2.8056289341096914
2.0124795241171096,-2.327798472663453
0.9016171921366416,-3.7398729500303705
1.7161563010028087,-2.664658589146357
1.354286501383414,-4.422838269194482
2.022794981168075,-2.451614386004658
2.270035098914372,-3.3640574198967874
1.7226563016827408,-2.9103065678655535
1.996586193217511,-4.543385299665578
1.9458006752669594,-2.7781088946594963
2.314282863395955,-1.4963974651966108
2.393432378967115,-2.7198050545285377
-0.27449566918853163,-4.352049125152569
-0.9795536279993207,-6.286074748316261
4.191551814791463,-0.6489344401935875
1.873077205201594,-3.1862931826825784
2.6371347640045175,-2.2624387040099148
1.6635835600916087,-2.0051916239322622
1.4646445292349273,-3.554442085320384
4.2004103620348845,-1.5957968635684328
2.712268840715291,-0.7384745113342808
1.0947235019442538,-2.767511976080136
2.3119631693703413,-1.7912894321391293
1.3904885711818702,-3.4176796400017437
1.5304988078118862,-4.258926860014132
1.2201281037471254,-4.078964878265764
3.786146414540564,-2.0318508329036975
1.9165320823249172,-3.3235413904137006
2.4500568062461374,-2.1006799882107448
2.541996728503806,-1.214123523146653
1.4692603690603632,-3.423804784873509
0.9057903659603652,-3.9917544404465124
1.1392252875280944,-4.910658177875552
2.056236154295594,-2.636990198946572
2.569201343206249,-1.5950070797658271
2.688281990300655,-3.568864015133714
1.978567885093487,-3.469686819970048
3.1448899609499565,-2.3066396729346446
2.908643258314487,-2.5035770418788283
1.6174600782121216,-3.1983875117147953
2.779867338567291,-1.4656779995394393
2.0299406863960687,-3.0794302199680628
2.065667125916204,-3.3233558373170204
2.1301210153081396,-2.6227114421403788
1.0819329443604129,-3.5791631282410217
3.283203424444622,-1.0145673387012077
2.522028604877791,-1.0640067260487476
2.6045066016001313,-2.8329767755812765
0.659114148776007,-1.2915326951573816
4.449898414013074,-1.6960963493004109
1.0612849592292763,-2.6424714854330027
3.0513066879766964,-2.639700124060332
2.0151275368278245,-2.0207356860419834
1.0304166662425824,-3.5275602924669744
3.456644304606956,-3.446065690449445
2.212033676040471,-2.374905431262055
4.35009366815663,-1.2470406129140799
2.7041492718328772,-4.50176301055955
1.3321179783499688,-2.547237707275329
1.207664664841614,-4.0860041304504895
0.8754647012706962,-4.411465104225661
3.3362201638690623,-1.6519721812234882
-0.10499504850056463,-4.597659791041581
1.7338785053981633,-3.0103508916916835
2.7505874599844056,-1.2053970141086308
0.8876932600065208,-1.7904856912330047
0.6204413756514024,-4.788713199926722
1.9338121473934184,-4.5504701215682015
0.9319790778659649,-3.097968143401273
-0.10201395277114012,-5.662772633178367
2.800307525358348,-1.9451354044538653
0.9320402844707436,-2.3399329810778338
2.4267929778413073,-2.7658471238601363
2.1521247413440574,-1.8459712497414864
1.9961582556366484,-1.9903617217695073
1.82044630856044,-1.925974899591345
2.7046059241751528,-1.7759806633420865
2.864304362654133,-1.0622594617190808
3.5360465685633993,-2.384620579587422
1.1709013351849256,-3.3872413935742802
2.257885928557726,-1.997725671295321
3.0134277470827033,-0.8974536246676958
0.48001659111071815,-2.5180968627888682
3.7578675620626583,-0.4808159787106261
2.4493357126874664,-2.2697102449652977
1.4562784421013677,-3.518651397636378
1.1608437736722346,-2.9777732885953085
3.6822870548863897,-3.0254614571204463
3.860600536013033,-1.3613408939939482
2.4513712052854326,-1.4552348240088708
2.374715823464451,-3.241118768175943
1.7741098522092238,-3.070394611524736
2.0400831808033355,-4.0250834373057796
1.8056615223612127,-2.7367482928552818
4.019692989246048,-1.2973677993987074
4.368998647398867,-2.2035540445211304
1.2890450227626213,-2.621360464881728
0.9790938317206992,-3.220225013954758
1.3498893847431552,-3.274525548881739
2.96668870473994,-0.27989885456033026
1.1207243384979684,-3.504361046252169
2.974194238496913,-1.6268470523994902
1.124213381841117,-5.046401312412483
2.0441215222263205,-4.451684030796548
1.4107354275905943,-2.926671325963395
0.5347642542778059,-3.5659578345900966
1.6424844430118153,-3.1605356658461687
3.383619891720319,-2.904836506449271
2.787907780779855,-0.49922636496268114
1.9612191677470125,-2.179656003695913
2.8893594889473935,-3.8662165744391124
2.281177069187938,-3.7982678342086844
2.8960629238057214,-0.30536377040735685
1.9446267582340102,-4.0678286216611745
2.185699244861615,-4.200465786688696
0.347667240274806,-4.962070250218617
1.3217755456876992,-3.768487356940799
1.8518413032496484,-2.293095657530477
1.3521853915693596,-3.7933357563294994
2.0095213626963235,-3.6275831395621827
2.3033255341156864,-4.221268369962391
2.308155104337218,-2.341687238455372
1.5049354730242273,-3.2541487890229224
3.2880897926528334,-0.4576714846915704
1.0868334634371322,-4.13754123274088
2.1063873380978717,-2.358636525632674
2.944979166830647,-3.1676713992071304
2.7467100940347717,-4.75888358881268
1.5463073556918832,-2.4011237842222792
1.5518223062702892,-5.119686276464666
1.0570516160968368,-2.8238076220333888
2.237918057926907,-1.89805688321943
1.8129869366446902,-4.6651733846972325
3.055653572717984,-2.375030198940885
1.822655141936399,-2.044960864854117
2.9008913400405243,-2.3002966163118277
2.7319391273498583,-1.816829983732837
0.25620819776754344,-4.24631896902959
2.787011052083728,-3.2858379406850915
0.0680854467522427,-3.776692459226009
4.409334856688888,-1.6703037887268741
0.4789968658925374,-2.981648455048276
2.183519562587956,-3.9994537353432422
1.6280542863523138,-3.423169494169861
1.700208727722261,-1.979311366460647
1.0904408982180152,-3.434914243131225
1.5429979464450905,-2.6694878046836297
2.3857626423874447,-3.0829655844877917
0.898860810803388,-3.5601019774188067
2.3693196341480998,-1.7369002019266806
4.621092992950349,-0.8781307788449846
1.0717964250764866,-5.396742485766431
2.2696979731300218,-1.9715923128065962
2.470994454041345,-3.358613426131914
0.9134435747012388,-5.121751797694593
2.4241266296189177,-2.73723445373327
0.9904874317021815,-1.9718768248488943
2.2897864945101456,-4.052229485292427
2.3720869735837287,-4.072366946683594
3.411249673681284,-1.7040891145513832
3.006225603330293,-2.8077023232700533
2.1614809995594677,-2.9527823070016925
1.4025178911651655,-3.3526902492179134
2.155322851775743,-2.6682939663077505
1.1615426937075979,-4.833788399656628
1.3992611591582882,-3.2184974279961547
1.8197455577333355,-1.8737563203764769
1.4107544485767178,-4.013835677880548
2.9506180940284286,-1.7111898301160007
3.157684183325731,-2.89275234305684
1.0606956383319146,-2.4344479258753426
1.2872573420535571,-3.870351046043131
2.246505765589227,-2.526574036734197
2.400082897891567,-2.53995821909282
1.9034459435294109,-3.4977231010246
1.8928526986099063,-1.6487739681663776
3.3285379567894,-3.2711305644261315
1.2026573668216987,-6.226270410226803
1.8771757395916426,-4.874705192562514
2.3934453685156383,-2.4631312181750884
2.580039514022311,-1.7033499985487657
2.0595995314143383,-1.4787132120319
1.6249651895460944,-1.7263284031652355
0.431839485663182,-3.5223198333409784
0.18318748792376072,-5.802820269958058
2.138496268182818,-3.751929705913355
1.7384953203859141,-3.215595547968702
2.498983116046871,-4.106556210236295
1.7915624149156997,-4.008807780477636
2.4825995315119758,-1.802770539424904
1.9136666194797394,-3.985641342733811
1.5844892545418514,-4.440048485820077
3.2003064088212057,-2.2790643102426613
0.48242625961751506,-2.267847907827966
1.7828711108365618,-3.553670278728569
2.7209240366760916,-1.418801406625634
1.5753421604974194,-1.8893111707603167
1.437505816352113,-4.359740291861126
3.7130261948527843,-1.3859350071525633
2.851888701346082,-1.9788418575025633
3.0024612134366473,-2.0019291570077744
2.8835281840664626,-2.6084915874915056
1.3193132250202284,-4.63585010183753
0.9896604324851195,-3.8724362330386475
0.22068738732421922,-3.852121466656806
1.9271036063274853,-3.1301045809286165
1.8005521420434194,-1.4985911430202612
2.06573219460106,-3.2967208906781598
2.4224042970031756,-3.8139260000312403
3.2422517330399154,-0.9491898350962171
1.6096644227075882,-2.3616399478461276
2.0403358079022524,-3.0271511835848437
2.295898262535584,-3.806553999949104
0.09952854551019796,-3.800590928825737
1.4009050441002522,-5.774198220666857
2.0163880872473756,-1.3041058462274964
1.643003841038709,-4.988603360056388
2.552234690382794,-2.861871117827216
3.0088395417136042,-2.5829822067886896
1.1827835046031403,-4.856325609443043
2.532729454802769,-1.89213464159344
1.4016686443197957,-3.706306826466106
2.8738877881702387,-3.8773549722948903
1.8181493797539803,-1.9730082358201935
1.8365527756248994,-2.740456940908758
-0.8362210428022498,-3.640187053973829
3.1989447913565767,-2.4562648365693933
1.7566209148691203,-4.206718993469839
3.7182634070814924,-3.528410667979878
2.2362422348443802,-3.0207860205918995
2.0360256616064127,-4.200296299587568
2.1650128410331035,-1.92160702008933
2.916532619995547,-0.7348581148007209
1.8713046344839492,-4.151090926292501
